O*NET-SOC 2019 Code,O*NET-SOC 2019 Title,O*NET-SOC 2019 Description
13-2011.00,Accountants and Auditors,"Examine, analyze, and interpret accounting records to prepare financial statements, give advice, or audit and evaluate statements prepared by others. Install or advise on systems of recording costs or other financial and budgetary data."
15-2011.00,Actuaries,"Analyze statistical data, such as mortality, accident, sickness, disability, and retirement rates and construct probability tables to forecast risk and liability for payment of future benefits. May ascertain insurance rates required and cash reserves necessary to ensure payment of future benefits."
29-1291.00,Acupuncturists,"Diagnose, treat, and prevent disorders by stimulating specific acupuncture points within the body using acupuncture needles. May also use cups, nutritional supplements, therapeutic massage, acupressure, and other alternative health therapies."
29-1141.01,Acute Care Nurses,"Provide advanced nursing care for patients with acute conditions such as heart attacks, respiratory distress syndrome, or shock. May care for pre- and post-operative patients or perform advanced, invasive diagnostic or therapeutic procedures."
11-3012.00,Administrative Services Managers,"Plan, direct, or coordinate one or more administrative services of an organization, such as records and information management, mail distribution, and other office support services."
29-1141.02,Advanced Practice Psychiatric Nurses,"Assess, diagnose, and treat individuals and families with mental health or substance use disorders or the potential for such disorders. Apply therapeutic activities, including the prescription of medication, per state regulations, and the administration of psychotherapy."
17-3021.00,Aerospace Engineering and Operations Technologists and Technicians,"Operate, install, adjust, and maintain integrated computer/communications systems, consoles, simulators, and other data acquisition, test, and measurement instruments and equipment, which are used to launch, track, position, and evaluate air and space vehicles. May record and interpret test data."
17-2011.00,Aerospace Engineers,"Perform engineering duties in designing, constructing, and testing aircraft, missiles, and spacecraft. May conduct basic and applied research to evaluate adaptability of materials and equipment to aircraft design and manufacture. May recommend improvements in testing equipment and techniques."
13-1011.00,"Agents and Business Managers of Artists, Performers, and Athletes","Represent and promote artists, performers, and athletes in dealings with current or prospective employers. May handle contract negotiation and other business matters for clients."
17-2021.00,Agricultural Engineers,"Apply knowledge of engineering technology and biological science to agricultural problems concerned with power and machinery, electrification, structures, soil and water conservation, and processing of agricultural products."
45-2091.00,Agricultural Equipment Operators,"Drive and control equipment to support agricultural activities such as tilling soil; planting, cultivating, and harvesting crops; feeding and herding livestock; or removing animal waste. May perform tasks such as crop baling or hay bucking. May operate stationary equipment to perform post-harvest tasks such as husking, shelling, threshing, and ginning."
53-1041.00,Aircraft Cargo Handling Supervisors,"Supervise and coordinate the activities of ground crew in the loading, unloading, securing, and staging of aircraft cargo or baggage. May determine the quantity and orientation of cargo and compute aircraft center of gravity. May accompany aircraft as member of flight crew and monitor and handle cargo in flight, and assist and brief passengers on safety and emergency procedures. Includes loadmasters."
53-6032.00,Aircraft Service Attendants,"Service aircraft with fuel. May de-ice aircraft, refill water and cooling agents, empty sewage tanks, service air and oxygen systems, or clean and polish exterior."
39-3091.00,Amusement and Recreation Attendants,"Perform a variety of attending duties at amusement or recreation facility. May schedule use of recreation facilities, maintain and provide equipment to participants of sporting events or recreational pursuits, or operate amusement concessions and rides."
29-1071.01,Anesthesiologist Assistants,Assist anesthesiologists in the administration of anesthesia for surgical and non-surgical procedures. Monitor patient status and provide patient care during surgical treatment.
39-2021.00,Animal Caretakers,"Feed, water, groom, bathe, exercise, or otherwise provide care to promote and maintain the well-being of pets and other animals that are not raised for consumption, such as dogs, cats, race horses, ornamental fish or birds, zoo animals, and mice. Work in settings such as kennels, animal shelters, zoos, circuses, and aquariums. May keep records of feedings, treatments, and animals received or discharged. May clean, disinfect, and repair cages, pens, or fish tanks."
19-1011.00,Animal Scientists,"Conduct research in the genetics, nutrition, reproduction, growth, and development of domestic farm animals."
39-2011.00,Animal Trainers,"Train animals for riding, harness, security, performance, or obedience, or for assisting persons with disabilities. Accustom animals to human voice and contact, and condition animals to respond to commands. Train animals according to prescribed standards for show or competition. May train animals to carry pack loads or work as part of pack team."
29-1129.01,Art Therapists,"Plan or conduct art therapy sessions or programs to improve clients' physical, cognitive, or emotional well-being."
51-2099.00,"Assemblers and Fabricators, All Other",All assemblers and fabricators not listed separately.
27-2021.00,Athletes and Sports Competitors,Compete in athletic events.
29-9091.00,Athletic Trainers,"Evaluate and treat musculoskeletal injuries or illnesses. Provide preventive, therapeutic, emergency, and rehabilitative care."
29-1181.00,Audiologists,Assess and treat persons with hearing and related disorders. May fit hearing aids and provide auditory training. May perform research related to hearing problems.
49-2097.00,Audiovisual Equipment Installers and Repairers,"Install, repair, or adjust audio or television receivers, stereo systems, camcorders, video systems, or other electronic entertainment equipment in homes or other venues. May perform routine maintenance."
17-2141.02,Automotive Engineers,"Develop new or improved designs for vehicle structural members, engines, transmissions, or other vehicle systems, using computer-assisted design technology. Direct building, modification, or testing of vehicle or components."
49-2091.00,Avionics Technicians,"Install, inspect, test, adjust, or repair avionics equipment, such as radar, radio, navigation, and missile control systems in aircraft or space vehicles."
51-3011.00,Bakers,"Mix and bake ingredients to produce breads, rolls, cookies, cakes, pies, pastries, or other baked goods."
35-3023.01,Baristas,Prepare or serve specialty coffee or other beverages. Serve food such as baked goods or sandwiches to patrons.
35-3011.00,Bartenders,"Mix and serve drinks to patrons, directly or through waitstaff."
19-1021.00,Biochemists and Biophysicists,"Study the chemical composition or physical principles of living cells and organisms, their electrical and mechanical energy, and related phenomena. May conduct research to further understanding of the complex chemical combinations and reactions involved in metabolism, reproduction, growth, and heredity. May determine the effects of foods, drugs, serums, hormones, and other substances on tissues and vital processes of living organisms."
17-2031.00,Bioengineers and Biomedical Engineers,"Apply knowledge of engineering, biology, chemistry, computer science, and biomechanical principles to the design, development, and evaluation of biological, agricultural, and health systems and products, such as artificial organs, prostheses, instrumentation, medical information systems, and health management and care delivery systems."
25-1042.00,"Biological Science Teachers, Postsecondary",Teach courses in biological sciences. Includes both teachers primarily engaged in teaching and those who do a combination of teaching and research.
15-2041.01,Biostatisticians,Develop and apply biostatistical theory and methods to the study of life sciences.
15-1299.07,Blockchain Engineers,"Maintain and support distributed and decentralized blockchain-based networks or block-chain applications such as cryptocurrency exchange, payment processing, document sharing, and digital voting. Design and deploy secure block-chain design patterns and solutions over geographically distributed networks using advanced technologies. May assist with infrastructure setup and testing for application transparency and security."
43-3031.00,"Bookkeeping, Accounting, and Auditing Clerks","Compute, classify, and record numerical data to keep financial records complete. Perform any combination of routine calculating, posting, and verifying duties to obtain primary financial data for use in maintaining accounting records. May also check the accuracy of figures, calculations, and postings pertaining to business transactions recorded by other workers."
11-9199.11,Brownfield Redevelopment Specialists and Site Managers,Plan and direct cleanup and redevelopment of contaminated properties for reuse. Does not include properties sufficiently contaminated to qualify as Superfund sites.
13-1199.04,Business Continuity Planners,"Develop, maintain, or implement business continuity and disaster recovery strategies and solutions, including risk assessments, business impact analyses, strategy selection, and documentation of business continuity and disaster recovery procedures. Plan, conduct, and debrief regular mock-disaster exercises to test the adequacy of existing plans and strategies, updating procedures and plans regularly. Act as a coordinator for continuity efforts after a disruption event."
15-2051.01,Business Intelligence Analysts,Produce financial and market intelligence by querying data repositories and generating periodic reports. Devise methods for identifying data patterns and trends in available information sources.
13-1199.00,"Business Operations Specialists, All Other",All business operations specialists not listed separately.
25-1011.00,"Business Teachers, Postsecondary","Teach courses in business administration and management, such as accounting, finance, human resources, labor and industrial relations, marketing, and operations research. Includes both teachers primarily engaged in teaching and those who do a combination of teaching and research."
13-1021.00,"Buyers and Purchasing Agents, Farm Products","Purchase farm products either for further processing or resale. Includes tree farm contractors, grain brokers and market operators, grain buyers, and tobacco buyers. May negotiate contracts."
17-3028.00,Calibration Technologists and Technicians,"Execute or adapt procedures and techniques for calibrating measurement devices, by applying knowledge of measurement science, mathematics, physics, chemistry, and electronics, sometimes under the direction of engineering staff. Determine measurement standard suitability for calibrating measurement devices. May perform preventive maintenance on equipment. May perform corrective actions to address identified calibration problems."
43-5011.00,Cargo and Freight Agents,"Expedite and route movement of incoming and outgoing cargo and freight shipments in airline, train, and trucking terminals and shipping docks. Take orders from customers and arrange pickup of freight and cargo for delivery to loading platform. Prepare and examine bills of lading to determine shipping charges and tariffs."
47-2031.00,Carpenters,"Construct, erect, install, or repair structures and fixtures made of wood and comparable materials, such as concrete forms; building frameworks, including partitions, joists, studding, and rafters; and wood stairways, window and door frames, and hardwood floors. May also install cabinets, siding, drywall, and batt or roll insulation. Includes brattice builders who build doors or brattices (ventilation walls or partitions) in underground passageways."
17-1021.00,Cartographers and Photogrammetrists,"Research, study, and prepare maps and other spatial data in digital or graphic form for one or more purposes, such as legal, social, political, educational, and design purposes. May work with Geographic Information Systems (GIS). May design and evaluate algorithms, data structures, and user interfaces for GIS and mapping systems. May collect, analyze, and interpret geographic information provided by geodetic surveys, aerial photographs, and satellite data."
41-2011.00,Cashiers,"Receive and disburse money in establishments other than financial institutions. May use electronic scanners, cash registers, or related equipment. May process credit or debit card transactions and validate checks."
35-1011.00,Chefs and Head Cooks,"Direct and may participate in the preparation, seasoning, and cooking of salads, soups, fish, meats, vegetables, desserts, or other foods. May plan and price menu items, order supplies, and keep records and accounts."
19-2031.00,Chemists,Conduct qualitative and quantitative chemical analyses or experiments in laboratories for quality or process control or to develop new products or knowledge.
39-9011.00,Childcare Workers,"Attend to children at schools, businesses, private households, and childcare institutions. Perform a variety of tasks, such as dressing, feeding, bathing, and overseeing play."
29-1011.00,Chiropractors,"Assess, treat, and care for patients by manipulation of spine and musculoskeletal system. May provide spinal adjustment or address sacral or pelvic misalignment."
27-2032.00,Choreographers,Create new dance routines. Rehearse performance of routines. May direct and stage presentations.
17-2051.00,Civil Engineers,"Perform engineering duties in planning, designing, and overseeing construction and maintenance of building structures and facilities, such as roads, railroads, airports, bridges, harbors, channels, dams, irrigation projects, pipelines, power plants, and water and sewage systems."
19-3033.00,Clinical and Counseling Psychologists,"Assess, diagnose, and treat mental and emotional disorders of individuals through observation, interview, and psychological tests. Help individuals with distress or maladjustment understand their problems through their knowledge of case history, interviews with patients, and theory. Provide individual or group counseling services to assist individuals in achieving more effective personal, social, educational, and vocational development and adjustment. May design behavior modification programs and consult with medical personnel regarding the best treatment for patients."
15-2051.02,Clinical Data Managers,"Apply knowledge of health care and database management to analyze clinical data, and to identify and report trends."
29-1141.04,Clinical Nurse Specialists,"Direct nursing staff in the provision of patient care in a clinical practice setting, such as a hospital, hospice, clinic, or home. Ensure adherence to established clinical policies, protocols, regulations, and standards."
27-2022.00,Coaches and Scouts,Instruct or coach groups or individuals in the fundamentals of sports for the primary purpose of competition. Demonstrate techniques and methods of participation. May evaluate athletes' strengths and weaknesses as possible recruits or to improve the athletes' technique to prepare them for competition. Those required to hold teaching certifications should be reported in the appropriate teaching category.
49-9092.00,Commercial Divers,"Work below surface of water, using surface-supplied air or scuba equipment to inspect, repair, remove, or install equipment and structures. May use a variety of power and hand tools, such as drills, sledgehammers, torches, and welding equipment. May conduct tests or experiments, rig explosives, or photograph structures or marine life."
53-2012.00,Commercial Pilots,"Pilot and navigate the flight of fixed-wing aircraft on nonscheduled air carrier routes, or helicopters. Requires Commercial Pilot certificate. Includes charter pilots with similar certification, and air ambulance and air tour pilots. Excludes regional, national, and international airline pilots."
21-1099.00,"Community and Social Service Specialists, All Other",All community and social service specialists not listed separately.
21-1094.00,Community Health Workers,"Promote health within a community by assisting individuals to adopt healthy behaviors. Serve as an advocate for the health needs of individuals by assisting community residents in effectively communicating with healthcare providers or social service agencies. Act as liaison or advocate and implement programs that promote, maintain, and improve individual and overall community health. May deliver health-related preventive services such as blood pressure, glaucoma, and hearing screenings. May collect data to help identify community health needs."
13-1141.00,"Compensation, Benefits, and Job Analysis Specialists","Conduct programs of compensation and benefits and job analysis for employer. May specialize in specific areas, such as position classification and pension programs."
11-9199.02,Compliance Managers,"Plan, direct, or coordinate activities of an organization to ensure compliance with ethical or regulatory standards."
15-1221.00,Computer and Information Research Scientists,"Conduct research into fundamental computer and information science as theorists, designers, or inventors. Develop solutions to problems in the field of computer hardware and software."
11-3021.00,Computer and Information Systems Managers,"Plan, direct, or coordinate activities in such fields as electronic data processing, information systems, systems analysis, and computer programming."
17-2061.00,Computer Hardware Engineers,"Research, design, develop, or test computer or computer-related equipment for commercial, industrial, military, or scientific use. May supervise the manufacturing and installation of computer or computer-related equipment and components."
15-1241.00,Computer Network Architects,"Design and implement computer and information networks, such as local area networks (LAN), wide area networks (WAN), intranets, extranets, and other data communications networks. Perform network modeling, analysis, and planning, including analysis of capacity needs for network infrastructures. May also design network and computer security measures. May research and recommend network and data communications hardware and software."
51-9162.00,Computer Numerically Controlled Tool Programmers,"Develop programs to control machining or processing of materials by automatic machine tools, equipment, or systems. May also set up, operate, or maintain equipment."
15-1299.00,"Computer Occupations, All Other",All computer occupations not listed separately.
25-1021.00,"Computer Science Teachers, Postsecondary","Teach courses in computer science. May specialize in a field of computer science, such as the design and function of computers or operations and research analysis. Includes both teachers primarily engaged in teaching and those who do a combination of teaching and research."
15-1211.00,Computer Systems Analysts,"Analyze science, engineering, business, and other data processing problems to develop and implement solutions to complex applications problems, system administration issues, or network concerns. Perform systems management and integration functions, improve existing computer systems, and review computer system capabilities, workflow, and schedule limitations. May analyze or recommend commercially available software."
15-1299.08,Computer Systems Engineers/Architects,"Design and develop solutions to complex applications problems, system administration issues, or network concerns. Perform systems management and integration functions."
47-2061.00,Construction Laborers,"Perform tasks involving physical labor at construction sites. May operate hand and power tools of all types: air hammers, earth tampers, cement mixers, small mechanical hoists, surveying and measuring equipment, and a variety of other equipment and instruments. May clean and prepare sites, dig trenches, set braces to support the sides of excavations, erect scaffolding, and clean up rubble, debris, and other waste materials. May assist other craft workers."
11-9021.00,Construction Managers,"Plan, direct, or coordinate, usually through subordinate supervisory personnel, activities concerned with the construction and maintenance of structures, facilities, and systems. Participate in the conceptual development of a construction project and oversee its organization, scheduling, budgeting, and implementation. Includes managers in specialized construction fields, such as carpentry or plumbing."
35-2019.00,"Cooks, All Other",All cooks not listed separately.
35-2011.00,"Cooks, Fast Food",Prepare and cook food in a fast food restaurant with a limited menu. Duties of these cooks are limited to preparation of a few basic items and normally involve operating large-volume single-purpose cooking equipment.
35-2013.00,"Cooks, Private Household",Prepare meals in private homes. Includes personal chefs.
35-2014.00,"Cooks, Restaurant","Prepare, season, and cook dishes such as soups, meats, vegetables, or desserts in restaurants. May order supplies, keep records and accounts, price items on menu, or plan menu."
51-9193.00,Cooling and Freezing Equipment Operators and Tenders,"Operate or tend equipment such as cooling and freezing units, refrigerators, batch freezers, and freezing tunnels, to cool or freeze products, food, blood plasma, and chemicals."
39-3092.00,Costume Attendants,"Select, fit, and take care of costumes for cast members, and aid entertainers. May assist with multiple costume changes during performances."
21-1019.00,"Counselors, All Other",All counselors not listed separately.
43-5021.00,Couriers and Messengers,"Pick up and deliver messages, documents, packages, and other items between offices or departments within an establishment or directly to other business concerns, traveling by foot, bicycle, motorcycle, automobile, or public conveyance."
29-1141.03,Critical Care Nurses,Provide specialized nursing care for patients in critical or coronary care units.
25-4012.00,Curators,"Administer collections, such as artwork, collectibles, historic items, or scientific specimens of museums or other institutions. May conduct instructional, research, or public service activities of institution."
43-4051.00,Customer Service Representatives,"Interact with customers to provide basic or scripted information in response to routine inquiries about products and services. May handle and resolve general complaints. Excludes individuals whose duties are primarily installation, sales, repair, and technical support."
27-2031.00,Dancers,"Perform dances. May perform on stage, for broadcasting, or for video recording."
15-2051.00,Data Scientists,"Develop and implement a set of techniques or analytics applications to transform raw data into meaningful information using data-oriented programming languages and visualization software. Apply data mining, data modeling, natural language processing, and machine learning to extract and analyze information from large structured and unstructured datasets. Visualize, interpret, and report data findings. May create dynamic data reports."
15-1243.01,Data Warehousing Specialists,"Design, model, or implement corporate data warehousing activities. Program and configure warehouses of database information and provide support to warehouse users."
15-1243.00,Database Architects,"Design strategies for enterprise databases, data warehouse systems, and multidimensional networks. Set standards for database operations, programming, query processes, and security. Model, design, and construct large relational databases or data warehouses. Create and optimize data models for warehouse infrastructure and workflow. Integrate new systems with existing warehouse structure and refine system performance and functionality."
31-9091.00,Dental Assistants,"Perform limited clinical duties under the direction of a dentist. Clinical duties may include equipment preparation and sterilization, preparing patients for treatment, assisting the dentist during treatment, and providing patients with instructions for oral healthcare procedures. May perform administrative duties such as scheduling appointments, maintaining medical records, billing, and coding information for insurance purposes."
29-1292.00,Dental Hygienists,Administer oral hygiene care to patients. Assess patient oral hygiene problems or needs and maintain health records. Advise patients on oral health maintenance and disease prevention. May provide advanced care such as providing fluoride treatment or administering topical anesthesia.
29-1213.00,Dermatologists,"Diagnose and treat diseases relating to the skin, hair, and nails. May perform both medical and dermatological surgery functions."
29-2032.00,Diagnostic Medical Sonographers,Produce ultrasonic recordings of internal organs for use by physicians. Includes vascular technologists.
29-1031.00,Dietitians and Nutritionists,"Plan and conduct food service or nutritional programs to assist in the promotion of health and control of disease. May supervise activities of a department providing quantity food services, counsel individuals, or conduct nutritional research."
15-1299.06,Digital Forensics Analysts,"Conduct investigations on computer-based crimes establishing documentary or physical evidence, such as digital media and logs associated with cyber intrusion incidents. Analyze digital evidence and investigate computer security incidents to derive information in support of system and network vulnerability mitigation. Preserve and present computer-related evidence in support of criminal, fraud, counterintelligence, or law enforcement investigations."
35-9011.00,Dining Room and Cafeteria Attendants and Bartender Helpers,"Facilitate food service. Clean tables; remove dirty dishes; replace soiled table linens; set tables; replenish supply of clean linens, silverware, glassware, and dishes; supply service bar with food; and serve items such as water, condiments, and coffee to patrons."
35-9021.00,Dishwashers,"Clean dishes, kitchen, food preparation equipment, or utensils."
15-1299.03,Document Management Specialists,"Implement and administer enterprise-wide document management systems and related procedures that allow organizations to capture, store, retrieve, share, and destroy electronic records and documents."
53-3031.00,Driver/Sales Workers,"Drive truck or other vehicle over established routes or within an established territory and sell or deliver goods, such as food products, including restaurant take-out items, or pick up or deliver items such as commercial laundry. May also take orders, collect payment, or stock merchandise at point of delivery."
51-2022.00,Electrical and Electronic Equipment Assemblers,"Assemble or modify electrical or electronic equipment, such as computers, test equipment telemetering systems, electric motors, and batteries."
49-2093.00,"Electrical and Electronics Installers and Repairers, Transportation Equipment","Install, adjust, or maintain mobile electronics communication equipment, including sound, sonar, security, navigation, and surveillance systems on trains, watercraft, or other mobile equipment."
49-2095.00,"Electrical and Electronics Repairers, Powerhouse, Substation, and Relay","Inspect, test, repair, or maintain electrical equipment in generating stations, substations, and in-service relays."
17-2071.00,Electrical Engineers,"Research, design, develop, test, or supervise the manufacturing and installation of electrical equipment, components, or systems for commercial, industrial, military, or scientific use."
49-9051.00,Electrical Power-Line Installers and Repairers,Install or repair cables or wires used in electrical power or distribution systems. May erect poles and light or heavy duty transmission towers.
47-2111.00,Electricians,"Install, maintain, and repair electrical wiring, equipment, and fixtures. Ensure that work is in accordance with relevant codes. May install or service street lights, intercom systems, or electrical control systems."
51-2023.00,Electromechanical Equipment Assemblers,"Assemble or modify electromechanical equipment or devices, such as servomechanisms, gyros, dynamometers, magnetic drums, tape drives, brakes, control linkage, actuators, and appliances."
17-2072.00,"Electronics Engineers, Except Computer","Research, design, develop, or test electronic components and systems for commercial, industrial, military, or scientific use employing knowledge of electronic theory and materials properties. Design electronic circuits and components for use in fields such as telecommunications, aerospace guidance and propulsion control, acoustics, or instruments and controls."
25-2021.00,"Elementary School Teachers, Except Special Education",Teach academic and social skills to students at the elementary school level.
47-4021.00,Elevator and Escalator Installers and Repairers,"Assemble, install, repair, or maintain electric or hydraulic freight or passenger elevators, escalators, or dumbwaiters."
29-2042.00,Emergency Medical Technicians,Assess injuries and illnesses and administer basic emergency medical care. May transport injured or sick persons to medical facilities.
25-1032.00,"Engineering Teachers, Postsecondary","Teach courses pertaining to the application of physical laws and principles of engineering for the development of machines, materials, instruments, processes, and services. Includes teachers of subjects such as chemical, civil, electrical, industrial, mechanical, mineral, and petroleum engineering. Includes both teachers primarily engaged in teaching and those who do a combination of teaching and research."
27-2099.00,"Entertainers and Performers, Sports and Related Workers, All Other","All entertainers and performers, sports and related workers not listed separately."
11-9072.00,"Entertainment and Recreation Managers, Except Gambling","Plan, direct, or coordinate entertainment and recreational activities and operations of a recreational facility, including cruise ships and parks."
19-1041.00,Epidemiologists,"Investigate and describe the determinants and distribution of disease, disability, or health outcomes. May develop the means for prevention and control."
29-1128.00,Exercise Physiologists,"Assess, plan, or implement fitness programs that include exercise or physical activities such as those designed to improve cardiorespiratory function, body composition, muscular strength, muscular endurance, or flexibility."
39-9031.00,Exercise Trainers and Group Fitness Instructors,"Instruct or coach groups or individuals in exercise activities for the primary purpose of personal fitness. Demonstrate techniques and form, observe participants, and explain to them corrective measures necessary to improve their skills. Develop and implement individualized approaches to exercise."
49-3041.00,Farm Equipment Mechanics and Service Technicians,"Diagnose, adjust, repair, or overhaul farm machinery and vehicles, such as tractors, harvesters, dairy equipment, and irrigation systems."
13-1074.00,Farm Labor Contractors,"Recruit and hire seasonal or temporary agricultural laborers. May transport, house, and provide meals for workers."
11-9013.00,"Farmers, Ranchers, and Other Agricultural Managers","Plan, direct, or coordinate the management or operation of farms, ranches, greenhouses, aquacultural operations, nurseries, timber tracts, or other agricultural establishments. May hire, train, and supervise farm workers or contract for services to carry out the day-to-day activities of the managed operation. May engage in or supervise planting, cultivating, harvesting, and financial and marketing activities."
35-3023.00,Fast Food and Counter Workers,Perform duties such as taking orders and serving food and beverages. Serve customers at counter or from a steam table. May take payment. May prepare food and beverages.
47-4031.00,Fence Erectors,"Erect and repair fences and fence gates, using hand and power tools."
13-2051.00,Financial and Investment Analysts,"Conduct quantitative analyses of information involving investment programs or financial data of public or private institutions, including valuation of businesses."
13-2061.00,Financial Examiners,"Enforce or ensure compliance with laws and regulations governing financial and securities institutions and financial and real estate transactions. May examine, verify, or authenticate records."
11-3031.00,Financial Managers,"Plan, direct, or coordinate accounting, investing, banking, insurance, securities, and other financial activities of a branch, office, or department of an establishment."
13-2054.00,Financial Risk Specialists,"Analyze and measure exposure to credit and market risk threatening the assets, earning capacity, or economic state of an organization. May make recommendations to limit risk."
47-1011.00,First-Line Supervisors of Construction Trades and Extraction Workers,Directly supervise and coordinate activities of construction or extraction workers.
39-1014.00,"First-Line Supervisors of Entertainment and Recreation Workers, Except Gambling Services",Directly supervise and coordinate activities of entertainment and recreation related workers.
35-1012.00,First-Line Supervisors of Food Preparation and Serving Workers,Directly supervise and coordinate activities of workers engaged in preparing and serving food.
43-1011.00,First-Line Supervisors of Office and Administrative Support Workers,Directly supervise and coordinate the activities of clerical and administrative support workers.
39-1022.00,First-Line Supervisors of Personal Service Workers,Supervise and coordinate activities of personal service workers.
41-1011.00,First-Line Supervisors of Retail Sales Workers,"Directly supervise and coordinate activities of retail sales workers in an establishment or department. Duties may include management functions, such as purchasing, budgeting, accounting, and personnel work, in addition to supervisory duties."
11-9179.01,Fitness and Wellness Coordinators,"Manage or coordinate fitness and wellness programs and services. Manage and train staff of wellness specialists, health educators, or fitness instructors."
53-2031.00,Flight Attendants,"Monitor safety of the aircraft cabin. Provide services to airline passengers, explain safety information, serve food and beverages, and respond to emergency incidents."
47-2042.00,"Floor Layers, Except Carpet, Wood, and Hard Tiles","Apply blocks, strips, or sheets of shock-absorbing, sound-deadening, or decorative coverings to floors."
51-3092.00,Food Batchmakers,Set up and operate equipment that mixes or blends ingredients used in the manufacturing of food products. Includes candy makers and cheese makers.
35-9099.00,"Food Preparation and Serving Related Workers, All Other",All food preparation and serving related workers not listed separately.
35-2021.00,Food Preparation Workers,"Perform a variety of food preparation duties other than cooking, such as preparing cold foods and shellfish, slicing meat, and brewing coffee or tea."
51-3099.00,"Food Processing Workers, All Other",All food processing workers not listed separately.
19-4013.00,Food Science Technicians,"Work with food scientists or technologists to perform standardized qualitative and quantitative tests to determine physical or chemical properties of food or beverage products. Includes technicians who assist in research and development of production technology, quality control, packaging, processing, and use of foods."
19-1012.00,Food Scientists and Technologists,"Use chemistry, microbiology, engineering, and other sciences to study the principles underlying the processing and deterioration of foods; analyze food content to determine levels of vitamins, fat, sugar, and protein; discover new food sources; research ways to make processed foods safe, palatable, and healthful; and apply food science knowledge to determine best ways to process, package, preserve, store, and distribute food."
11-9051.00,Food Service Managers,"Plan, direct, or coordinate activities of an organization or department that serves food and beverages."
19-4092.00,Forensic Science Technicians,"Collect, identify, classify, and analyze physical evidence related to criminal investigations. Perform tests on weapons or substances, such as fiber, hair, and tissue to determine significance to investigation. May testify as expert witnesses on evidence or crime laboratory techniques. May serve as specialists in area of expertise, such as ballistics, fingerprinting, handwriting, or biochemistry."
33-2022.00,Forest Fire Inspectors and Prevention Specialists,"Enforce fire regulations, inspect forest for fire hazards, and recommend forest fire prevention or control measures. May report forest fires and weather conditions."
43-5011.01,Freight Forwarders,"Research rates, routings, or modes of transport for shipment of products. Maintain awareness of regulations affecting the international movement of cargo. Make arrangements for additional services, such as storage or inland transportation."
17-2141.01,Fuel Cell Engineers,"Design, evaluate, modify, or construct fuel cell components or systems for transportation, stationary, or portable applications."
11-1021.00,General and Operations Managers,"Plan, direct, or coordinate the operations of public or private sector organizations, overseeing multiple departments or locations. Duties and responsibilities include formulating policies, managing daily operations, and planning the use of materials and human resources, but are too diverse and general in nature to be classified in any one functional area of management or administration, such as personnel, purchasing, or administrative services. Usually manage through subordinate supervisors. Excludes First-Line Supervisors."
29-9092.00,Genetic Counselors,"Assess individual or family risk for a variety of inherited conditions, such as genetic disorders and birth defects. Provide information to other healthcare providers or to individuals and families concerned with the risk of inherited conditions. Advise individuals and families to support informed decisionmaking and coping methods for those at risk. May help conduct research related to genetic conditions or genetic counseling."
15-1299.02,Geographic Information Systems Technologists and Technicians,"Assist scientists or related professionals in building, maintaining, modifying, or using geographic information systems (GIS) databases. May also perform some custom application development or provide user support."
51-9195.04,"Glass Blowers, Molders, Benders, and Finishers",Shape molten glass according to patterns.
39-5012.00,"Hairdressers, Hairstylists, and Cosmetologists","Provide beauty services, such as cutting, coloring, and styling hair, and massaging and treating scalp. May shampoo hair, apply makeup, dress wigs, remove hair, and provide nail and skincare services."
21-1091.00,Health Education Specialists,"Provide and manage health education programs that help individuals, families, and their communities maximize and maintain healthy lifestyles. Use data to identify community needs prior to planning, implementing, monitoring, and evaluating programs designed to encourage healthy lifestyles, policies, and environments. May link health systems, health providers, insurers, and patients to address individual and population health needs. May serve as resource to assist individuals, other health professionals, or the community, and may administer fiscal resources for health education programs."
15-1211.01,Health Informatics Specialists,"Apply knowledge of nursing and informatics to assist in the design, development, and ongoing modification of computerized health care systems. May educate staff and assist in problem solving to promote the implementation of the health care system."
29-9021.00,Health Information Technologists and Medical Registrars,"Apply knowledge of healthcare and information systems to assist in the design, development, and continued modification and analysis of computerized healthcare systems. Abstract, collect, and analyze treatment and followup information of patients. May educate staff and assist in problem solving to promote the implementation of the healthcare information system. May design, develop, test, and implement databases with complete history, diagnosis, treatment, and health status to help monitor diseases."
25-1071.00,"Health Specialties Teachers, Postsecondary","Teach courses in health specialties, in fields such as dentistry, laboratory technology, medicine, pharmacy, public health, therapy, and veterinary medicine."
29-2099.00,"Health Technologists and Technicians, All Other",All health technologists and technicians not listed separately.
21-1022.00,Healthcare Social Workers,"Provide individuals, families, and groups with the psychosocial support needed to cope with chronic, acute, or terminal illnesses. Services include advising family caregivers. Provide patients with information and counseling, and make referrals for other services. May also provide case and care management or interventions designed to promote health, prevent disease, and address barriers to access to healthcare."
29-2092.00,Hearing Aid Specialists,"Select and fit hearing aids for customers. Administer and interpret tests of hearing. Assess hearing instrument efficacy. Take ear impressions and prepare, design, and modify ear molds."
49-9021.00,"Heating, Air Conditioning, and Refrigeration Mechanics and Installers","Install or repair heating, central air conditioning, HVAC, or refrigeration systems, including oil burners, hot-air furnaces, and heating stoves."
53-3032.00,Heavy and Tractor-Trailer Truck Drivers,"Drive a tractor-trailer combination or a truck with a capacity of at least 26,001 pounds Gross Vehicle Weight (GVW). May be required to unload truck. Requires commercial drivers' license. Includes tow truck drivers."
47-3012.00,Helpers--Carpenters,"Help carpenters by performing duties requiring less skill. Duties include using, supplying, or holding materials or tools, and cleaning work area and equipment."
47-3015.00,"Helpers--Pipelayers, Plumbers, Pipefitters, and Steamfitters","Help plumbers, pipefitters, steamfitters, or pipelayers by performing duties requiring less skill. Duties include using, supplying, or holding materials or tools, and cleaning work area and equipment."
47-3016.00,Helpers--Roofers,"Help roofers by performing duties requiring less skill. Duties include using, supplying, or holding materials or tools, and cleaning work area and equipment."
31-1121.00,Home Health Aides,"Monitor the health status of an individual with disabilities or illness, and address their health-related needs, such as changing bandages, dressing wounds, or administering medication. Work is performed under the direction of offsite or intermittent onsite licensed nursing staff. Provide assistance with routine healthcare tasks or activities of daily living, such as feeding, bathing, toileting, or ambulation. May also help with tasks such as preparing meals, doing light housekeeping, and doing laundry depending on the patient's abilities."
35-9031.00,"Hosts and Hostesses, Restaurant, Lounge, and Coffee Shop","Welcome patrons, seat them at tables or in lounge, and help ensure quality of facilities and service."
17-2112.01,Human Factors Engineers and Ergonomists,"Design objects, facilities, and environments to optimize human well-being and overall system performance, applying theory, principles, and data regarding the relationship between humans and respective technology. Investigate and analyze characteristics of human behavior and performance as it relates to the use of technology."
11-3121.00,Human Resources Managers,"Plan, direct, or coordinate human resources activities and staff of an organization."
13-1071.00,Human Resources Specialists,"Recruit, screen, interview, or place individuals within an organization. May perform other activities in multiple human resources areas."
17-2112.00,Industrial Engineers,"Design, develop, test, and evaluate integrated systems for managing industrial production processes, including human work factors, quality control, inventory control, logistics and material flow, cost analysis, and production coordination."
49-9041.00,Industrial Machinery Mechanics,"Repair, install, adjust, or maintain industrial production and processing machinery or refinery and pipeline distribution systems. May also install, dismantle, or move machinery and heavy equipment according to plans."
53-7051.00,Industrial Truck and Tractor Operators,"Operate industrial trucks or tractors equipped to move materials around a warehouse, storage yard, factory, construction site, or similar location."
19-3032.00,Industrial-Organizational Psychologists,"Apply principles of psychology to human resources, administration, management, sales, and marketing problems. Activities may include policy planning; employee testing and selection, training, and development; and organizational development and analysis. May work with management to organize the work setting to improve worker productivity."
15-1212.00,Information Security Analysts,"Plan, implement, upgrade, or monitor security measures for the protection of computer networks and information. Assess system vulnerabilities for security risks and propose and implement risk mitigation strategies. May ensure appropriate security controls are in place that will safeguard digital files and vital electronic infrastructure. May respond to computer security breaches and viruses."
15-1299.05,Information Security Engineers,"Develop and oversee the implementation of information security procedures and policies. Build, maintain and upgrade security technology, such as firewalls, for the safe use of computer networks and the transmission and retrieval of information. Design and implement appropriate security controls to identify vulnerabilities and protect digital files and electronic infrastructures. Monitor and respond to computer security breaches, viruses, and intrusions, and perform forensic investigation. May oversee the assessment of information security systems."
15-1299.09,Information Technology Project Managers,"Plan, initiate, and manage information technology (IT) projects. Lead and guide the work of technical staff. Serve as liaison between business and technical aspects of projects. Plan project stages and assess business implications for each stage. Monitor progress to assure deadlines, standards, and cost targets are met."
47-2132.00,"Insulation Workers, Mechanical","Apply insulating materials to pipes or ductwork, or other mechanical systems in order to help control and maintain temperature."
11-3031.03,Investment Fund Managers,"Plan, direct, or coordinate investment strategy or operations for a large pool of liquid assets supplied by institutional investors or individual investors."
37-2011.00,"Janitors and Cleaners, Except Maids and Housekeeping Cleaners","Keep buildings in clean and orderly condition. Perform heavy cleaning duties, such as cleaning floors, shampooing rugs, washing walls and glass, and removing rubbish. Duties may include tending furnace and boiler, performing routine maintenance activities, notifying management of need for repairs, and cleaning snow or debris from sidewalk."
53-7062.00,"Laborers and Freight, Stock, and Material Movers, Hand","Manually move freight, stock, luggage, or other materials, or perform other general labor. Includes all manual laborers not elsewhere classified."
37-3011.00,Landscaping and Groundskeeping Workers,"Landscape or maintain grounds of property using hand or power tools or equipment. Workers typically perform a variety of tasks, which may include any combination of the following: sod laying, mowing, trimming, planting, watering, fertilizing, digging, raking, sprinkler installation, and installation of mortarless segmental concrete masonry wall units."
51-6011.00,Laundry and Dry-Cleaning Workers,"Operate or tend washing or dry-cleaning machines to wash or dry-clean industrial or household articles, such as cloth garments, suede, leather, furs, blankets, draperies, linens, rugs, and carpets. Includes spotters and dyers of these articles."
33-9092.00,"Lifeguards, Ski Patrol, and Other Recreational Protective Service Workers","Monitor recreational areas, such as pools, beaches, or ski slopes, to provide assistance and protection to participants."
53-3033.00,Light Truck Drivers,"Drive a light vehicle, such as a truck or van, with a capacity of less than 26,001 pounds Gross Vehicle Weight (GVW), primarily to pick up merchandise or packages from a distribution center and deliver. May load and unload vehicle."
39-3093.00,"Locker Room, Coatroom, and Dressing Room Attendants","Provide personal items to patrons or customers in locker rooms, dressing rooms, or coatrooms."
13-1081.00,Logisticians,"Analyze and coordinate the ongoing logistical functions of a firm or organization. Responsible for the entire life cycle of a product, including acquisition, distribution, internal allocation, delivery, and final disposal of resources."
13-1081.02,Logistics Analysts,"Analyze product delivery or supply chain processes to identify or recommend changes. May manage route activity including invoicing, electronic bills, and shipment tracing."
13-1081.01,Logistics Engineers,"Design or analyze operational solutions for projects such as transportation optimization, network modeling, process and methods analysis, cost containment, capacity enhancement, routing and shipment optimization, or information management."
11-9199.08,Loss Prevention Managers,"Plan and direct policies, procedures, or systems to prevent the loss of assets. Determine risk exposure or potential liability, and develop risk control measures."
29-1122.01,"Low Vision Therapists, Orientation and Mobility Specialists, and Vision Rehabilitation Therapists","Provide therapy to patients with visual impairments to improve their functioning in daily life activities. May train patients in activities such as computer use, communication skills, or home management skills."
29-2035.00,Magnetic Resonance Imaging Technologists,"Operate Magnetic Resonance Imaging (MRI) scanners. Monitor patient safety and comfort, and view images of area being scanned to ensure quality of pictures. May administer gadolinium contrast dosage intravenously. May interview patient, explain MRI procedures, and position patient on examining table. May enter into the computer data such as patient history, anatomical area to be scanned, orientation specified, and position of entry."
37-2012.00,Maids and Housekeeping Cleaners,"Perform any combination of light cleaning duties to maintain private households or commercial establishments, such as hotels and hospitals, in a clean and orderly manner. Duties may include making beds, replenishing linens, cleaning rooms and halls, and vacuuming."
49-9071.00,"Maintenance and Repair Workers, General","Perform work involving the skills of two or more maintenance or craft occupations to keep machines, mechanical equipment, or the structure of a building in repair. Duties may involve pipe fitting; HVAC maintenance; insulating; welding; machining; carpentry; repairing electrical or mechanical equipment; installing, aligning, and balancing new equipment; and repairing buildings, floors, or stairs."
39-5091.00,"Makeup Artists, Theatrical and Performance","Apply makeup to performers to reflect period, setting, and situation of their role."
13-1111.00,Management Analysts,"Conduct organizational studies and evaluations, design systems and procedures, conduct work simplification and measurement studies, and prepare operations and procedures manuals to assist management in operating more efficiently and effectively. Includes program analysts and management consultants."
11-9199.00,"Managers, All Other",All managers not listed separately.
39-5092.00,Manicurists and Pedicurists,Clean and shape customers' fingernails and toenails. May polish or decorate nails.
49-9095.00,Manufactured Building and Mobile Home Installers,Move or install mobile homes or prefabricated buildings.
17-2112.03,Manufacturing Engineers,"Design, integrate, or improve manufacturing systems or related processes. May work with commercial or industrial designers to refine product designs to increase producibility and decrease costs."
17-2121.00,Marine Engineers and Naval Architects,"Design, develop, and evaluate the operation of marine vessels, ship machinery, and related equipment, such as power supply and propulsion systems."
13-1161.00,Market Research Analysts and Marketing Specialists,"Research conditions in local, regional, national, or online markets. Gather information to determine potential sales of a product or service, or plan a marketing or advertising campaign. May gather information on competitors, prices, sales, and methods of marketing and distribution. May employ search marketing tactics, analyze web metrics, and develop recommendations to increase search engine ranking and visibility to target markets."
11-2021.00,Marketing Managers,"Plan, direct, or coordinate marketing policies and programs, such as determining the demand for products and services offered by a firm and its competitors, and identify potential customers. Develop pricing strategies with the goal of maximizing the firm's profits or share of the market while ensuring the firm's customers are satisfied. Oversee product development or monitor trends that indicate the need for new products and services."
21-1013.00,Marriage and Family Therapists,"Diagnose and treat mental and emotional disorders, whether cognitive, affective, or behavioral, within the context of marriage and family systems. Apply psychotherapeutic and family systems theories and techniques in the delivery of services to individuals, couples, and families for the purpose of treating such diagnosed nervous and mental disorders."
31-9011.00,Massage Therapists,"Perform therapeutic massages of soft tissues and joints. May assist in the assessment of range of motion and muscle strength, or propose client therapy plans."
17-2131.00,Materials Engineers,"Evaluate materials and develop machinery and processes to manufacture materials for use in products that must meet specialized design and performance specifications. Develop new uses for known materials. Includes those engineers working with composite materials or specializing in one type of material, such as graphite, metal and metal alloys, ceramics and glass, plastics and polymers, and naturally occurring materials. Includes metallurgists and metallurgical engineers, ceramic engineers, and welding engineers."
19-2032.00,Materials Scientists,"Research and study the structures and chemical properties of various natural and synthetic or composite materials, including metals, alloys, rubber, ceramics, semiconductors, polymers, and glass. Determine ways to strengthen or combine materials or develop new materials with new or specific properties for use in a variety of products and applications. Includes glass scientists, ceramic scientists, metallurgical scientists, and polymer scientists."
51-3022.00,"Meat, Poultry, and Fish Cutters and Trimmers","Use hands or hand tools to perform routine cutting and trimming of meat, poultry, and seafood."
49-9011.00,Mechanical Door Repairers,"Install, service, or repair automatic door mechanisms and hydraulic doors. Includes garage door mechanics."
17-2141.00,Mechanical Engineers,"Perform engineering duties in planning and designing tools, engines, machines, and other mechanically functioning equipment. Oversee installation, operation, maintenance, and repair of equipment such as centralized heat, gas, water, and steam systems."
27-2012.03,Media Programming Directors,"Direct and coordinate activities of personnel engaged in preparation of radio or television station program schedules and programs, such as sports or news."
27-2012.05,Media Technical Directors/Managers,"Coordinate activities of technical departments, such as taping, editing, engineering, and maintenance, to produce radio or television programs."
11-9111.00,Medical and Health Services Managers,"Plan, direct, or coordinate medical and health services in hospitals, clinics, managed care organizations, public health agencies, or similar organizations."
31-9092.00,Medical Assistants,"Perform administrative and certain clinical duties under the direction of a physician. Administrative duties may include scheduling appointments, maintaining medical records, billing, and coding information for insurance purposes. Clinical duties may include taking and recording vital signs and medical histories, preparing patients for examination, drawing blood, and administering medications as directed by physician."
31-9093.00,Medical Equipment Preparers,"Prepare, sterilize, install, or clean laboratory or healthcare equipment. May perform routine laboratory tasks and operate or inspect equipment."
49-9062.00,Medical Equipment Repairers,"Test, adjust, or repair biomedical or electromedical equipment."
29-2072.00,Medical Records Specialists,"Compile, process, and maintain medical records of hospital and clinic patients in a manner consistent with medical, administrative, ethical, legal, and regulatory requirements of the healthcare system. Classify medical and healthcare concepts, including diagnosis, procedures, medical services, and equipment, into the healthcare industry's numerical coding system. Includes medical coders."
19-1042.00,"Medical Scientists, Except Epidemiologists","Conduct research dealing with the understanding of human diseases and the improvement of human health. Engage in clinical investigation, research and development, or other related activities."
43-6013.00,Medical Secretaries and Administrative Assistants,"Perform secretarial duties using specific knowledge of medical terminology and hospital, clinic, or laboratory procedures. Duties may include scheduling appointments, billing patients, and compiling and recording medical charts, reports, and correspondence."
13-1121.00,"Meeting, Convention, and Event Planners","Coordinate activities of staff, convention personnel, or clients to make arrangements for group meetings, events, or conventions."
21-1023.00,Mental Health and Substance Abuse Social Workers,"Assess and treat individuals with mental, emotional, or substance abuse problems, including abuse of alcohol, tobacco, and/or other drugs. Activities may include individual and group therapy, crisis intervention, case management, client advocacy, prevention, and education."
21-1014.00,Mental Health Counselors,"Counsel and advise individuals and groups to promote optimum mental and emotional health, with an emphasis on prevention. May help individuals deal with a broad range of mental health issues, such as those associated with addictions and substance abuse; family, parenting, and marital problems; stress management; self-esteem; or aging."
49-3042.00,"Mobile Heavy Equipment Mechanics, Except Engines","Diagnose, adjust, repair, or overhaul mobile mechanical, hydraulic, and pneumatic equipment, such as cranes, bulldozers, graders, and conveyors, used in construction, logging, and mining."
51-9195.00,"Molders, Shapers, and Casters, Except Metal and Plastic","Mold, shape, form, cast, or carve products such as food products, figurines, tile, pipes, and candles consisting of clay, glass, plaster, concrete, stone, or combinations of materials."
53-3099.00,"Motor Vehicle Operators, All Other",All motor vehicle operators not listed separately.
49-3051.00,Motorboat Mechanics and Service Technicians,Repair and adjust electrical and mechanical equipment of inboard or inboard-outboard boat engines.
49-3052.00,Motorcycle Mechanics,"Diagnose, adjust, repair, or overhaul motorcycles, scooters, mopeds, dirt bikes, or similar motorized vehicles."
25-4013.00,Museum Technicians and Conservators,"Restore, maintain, or prepare objects in museum collections for storage, research, or exhibit. May work with specimens such as fossils, skeletal parts, or botanicals; or artifacts, textiles, or art. May identify and record objects or install and arrange them in exhibits. Includes book or document conservators."
29-1129.02,Music Therapists,"Plan, organize, direct, or assess clinical and evidenced-based music therapy interventions to positively influence individuals' physical, psychological, cognitive, or behavioral status."
39-9011.01,Nannies,"Care for children in private households and provide support and expertise to parents in satisfying children's physical, emotional, intellectual, and social needs. Duties may include meal planning and preparation, laundry and clothing care, organization of play activities and outings, discipline, intellectual stimulation, language activities, and transportation."
29-2099.01,Neurodiagnostic Technologists,"Conduct electroneurodiagnostic (END) tests such as electroencephalograms, evoked potentials, polysomnograms, or electronystagmograms. May perform nerve conduction studies."
29-1217.00,Neurologists,"Diagnose, manage, and treat disorders and diseases of the brain, spinal cord, and peripheral nerves, with a primarily nonsurgical focus."
29-1151.00,Nurse Anesthetists,"Administer anesthesia, monitor patient's vital signs, and oversee patient recovery from anesthesia. May assist anesthesiologists, surgeons, other physicians, or dentists. Must be registered nurses who have specialized graduate education."
29-1161.00,Nurse Midwives,"Diagnose and coordinate all aspects of the birthing process, either independently or as part of a healthcare team. May provide well-woman gynecological care. Must have specialized, graduate nursing education."
29-1171.00,Nurse Practitioners,"Diagnose and treat acute, episodic, or chronic illness, independently or as part of a healthcare team. May focus on health promotion and disease prevention. May order, perform, or interpret diagnostic tests such as lab work and x rays. May prescribe medication. Must be registered nurses who have specialized graduate education."
31-1131.00,Nursing Assistants,"Provide or assist with basic care or support under the direction of onsite licensed nursing staff. Perform duties such as monitoring of health status, feeding, bathing, dressing, grooming, toileting, or ambulation of patients in a health or nursing facility. May include medication administration and other health-related tasks. Includes nursing care attendants, nursing aides, and nursing attendants."
25-1072.00,"Nursing Instructors and Teachers, Postsecondary",Demonstrate and teach patient care in classroom and clinical units to nursing students. Includes both teachers primarily engaged in teaching and those who do a combination of teaching and research.
19-5011.00,Occupational Health and Safety Specialists,"Review, evaluate, and analyze work environments and design programs and procedures to control, eliminate, and prevent disease or injury caused by chemical, physical, and biological agents or ergonomic factors. May conduct inspections and enforce adherence to laws and regulations governing the health and safety of individuals. May be employed in the public or private sector."
19-5012.00,Occupational Health and Safety Technicians,"Collect data on work environments for analysis by occupational health and safety specialists. Implement and conduct evaluation of programs designed to limit chemical, physical, biological, and ergonomic risks to workers."
29-1122.00,Occupational Therapists,"Assess, plan, and organize rehabilitative programs that help build or restore vocational, homemaking, and daily living skills, as well as general independence, to persons with disabilities or developmental delays. Use therapeutic techniques, adapt the individual's environment, teach skills, and modify specific tasks that present barriers to the individual."
31-2011.00,Occupational Therapy Assistants,"Assist occupational therapists in providing occupational therapy treatments and procedures. May, in accordance with state laws, assist in development of treatment plans, carry out routine functions, direct activity programs, and document the progress of treatments. Generally requires formal training."
43-9061.00,"Office Clerks, General","Perform duties too varied and diverse to be classified in any specific office clerical occupation, requiring knowledge of office systems and procedures. Clerical duties may be assigned in accordance with the office procedures of individual establishments and may include a combination of answering telephones, bookkeeping, typing or word processing, office machine operation, and filing."
13-1199.06,Online Merchants,"Conduct retail activities of businesses operating exclusively online. May perform duties such as preparing business strategies, buying merchandise, managing inventory, implementing marketing activities, fulfilling and shipping online orders, and balancing financial records."
15-2031.00,Operations Research Analysts,"Formulate and apply mathematical modeling and other optimizing methods to develop and interpret information that assists management with decisionmaking, policy formulation, or other managerial functions. May collect and analyze data and develop decision support software, services, or products. May develop and supply optimal time, cost, or logistics networks for program evaluation, review, or implementation."
29-2057.00,Ophthalmic Medical Technicians,"Assist ophthalmologists by performing ophthalmic clinical functions. May administer eye exams, administer eye medications, and instruct the patient in care and use of corrective lenses."
29-2099.05,Ophthalmic Medical Technologists,"Assist ophthalmologists by performing ophthalmic clinical functions and ophthalmic photography. Provide instruction and supervision to other ophthalmic personnel. Assist with minor surgical procedures, applying aseptic techniques and preparing instruments. May perform eye exams, administer eye medications, and instruct patients in care and use of corrective lenses."
29-1041.00,Optometrists,"Diagnose, manage, and treat conditions and diseases of the human eye and visual system. Examine eyes and visual system, diagnose problems or impairments, prescribe corrective lenses, and provide treatment. May prescribe therapeutic drugs to treat specific eye conditions."
29-2091.00,Orthotists and Prosthetists,"Design, measure, fit, and adapt orthopedic braces, appliances or prostheses, such as limbs or facial parts for patients with disabling conditions."
51-9111.00,Packaging and Filling Machine Operators and Tenders,Operate or tend machines to prepare industrial or consumer products for storage or shipment. Includes cannery workers who pack food products.
47-2142.00,Paperhangers,"Cover interior walls or ceilings of rooms with decorative wallpaper or fabric, or attach advertising posters on surfaces such as walls and billboards. May remove old materials or prepare surfaces to be papered."
29-2043.00,Paramedics,"Administer basic or advanced emergency medical care and assess injuries and illnesses. May administer medication intravenously, use equipment such as EKGs, or administer advanced life support to sick or injured individuals."
53-6061.00,Passenger Attendants,"Provide services to ensure the safety of passengers aboard ships, buses, trains, or within the station or terminal. Perform duties such as explaining the use of safety equipment, serving meals or beverages, or answering questions related to travel."
29-2099.08,Patient Representatives,"Assist patients in obtaining services, understanding policies and making health care decisions."
15-1299.04,Penetration Testers,Evaluate network system security by conducting simulated internal and external cyberattacks using adversary tools and techniques. Attempt to breach and exploit critical systems and gain access to sensitive information to assess system security.
31-1122.00,Personal Care Aides,"Provide personalized assistance to individuals with disabilities or illness who require help with personal care and activities of daily living support (e.g., feeding, bathing, dressing, grooming, toileting, and ambulation). May also provide help with tasks such as preparing meals, doing light housekeeping, and doing laundry. Work is performed in various settings depending on the needs of the care recipient and may include locations such as their home, place of work, out in the community, or at a daytime nonresidential facility."
39-9099.00,"Personal Care and Service Workers, All Other",All personal care and service workers not listed separately.
13-2052.00,Personal Financial Advisors,"Advise clients on financial plans using knowledge of tax and investment strategies, securities, insurance, pension plans, and real estate. Duties include assessing clients' assets, liabilities, cash flow, insurance coverage, tax status, and financial objectives. May also buy and sell financial assets for clients."
11-9179.00,"Personal Service Managers, All Other",All personal service managers not listed separately.
37-2021.00,Pest Control Workers,Apply or release chemical solutions or toxic gases and set traps to kill or remove pests and vermin that infest buildings and surrounding areas.
29-1051.00,Pharmacists,"Dispense drugs prescribed by physicians and other health practitioners and provide information to patients about medications and their use. May advise physicians and other health practitioners on the selection, dosage, interactions, and side effects of medications."
29-2052.00,Pharmacy Technicians,"Prepare medications under the direction of a pharmacist. May measure, mix, count out, label, and record amounts and dosages of medications according to prescription orders."
31-9097.00,Phlebotomists,"Draw blood for tests, transfusions, donations, or research. May explain the procedure to patients and assist in the recovery of patients with adverse reactions."
31-2021.00,Physical Therapist Assistants,"Assist physical therapists in providing physical therapy treatments and procedures. May, in accordance with state laws, assist in the development of treatment plans, carry out routine functions, document the progress of treatment, and modify specific treatments in accordance with patient status and within the scope of treatment plans established by a physical therapist. Generally requires formal training."
29-1123.00,Physical Therapists,"Assess, plan, organize, and participate in rehabilitative programs that improve mobility, relieve pain, increase strength, and improve or correct disabling conditions resulting from disease or injury."
29-1071.00,Physician Assistants,"Provide healthcare services typically performed by a physician, under the supervision of a physician. Conduct complete physicals, provide treatment, and counsel patients. May, in some cases, prescribe medication. Must graduate from an accredited educational program for physician assistants."
47-2152.00,"Plumbers, Pipefitters, and Steamfitters","Assemble, install, alter, and repair pipelines or pipe systems that carry water, steam, air, or other liquids or gases. May install heating and cooling equipment and mechanical control systems. Includes sprinkler fitters."
51-9195.05,"Potters, Manufacturing","Operate production machines such as pug mill, jigger machine, or potter's wheel to process clay in manufacture of ceramic, pottery and stoneware products."
33-9021.00,Private Detectives and Investigators,"Gather, analyze, compile, and report information regarding individuals or organizations to clients, or detect occurrences of unlawful acts or infractions of rules in private establishment."
27-2012.00,Producers and Directors,"Produce or direct stage, television, radio, video, or film productions for entertainment, information, or instruction. Responsible for creative decisions, such as interpretation of script, choice of actors or guests, set design, sound, special effects, and choreography."
13-1082.00,Project Management Specialists,"Analyze and coordinate the schedule, timeline, procurement, staffing, and budget of a product or service on a per project basis. Lead and guide the work of technical staff. May serve as a point of contact for the client or customer."
29-1024.00,Prosthodontists,"Diagnose, treat, rehabilitate, design, and fit prostheses that maintain oral function, health, and appearance for patients with clinical conditions associated with teeth, oral and maxillofacial tissues, or the jaw."
29-2053.00,Psychiatric Technicians,"Care for individuals with mental or emotional conditions or disabilities, following the instructions of physicians or other health practitioners. Monitor patients' physical and emotional well-being and report to medical staff. May participate in rehabilitation and treatment programs, help with personal hygiene, and administer oral or injectable medications."
29-1223.00,Psychiatrists,"Diagnose, treat, and help prevent mental disorders."
11-2032.00,Public Relations Managers,"Plan, direct, or coordinate activities designed to create or maintain a favorable public image or raise issue awareness for their organization or client."
27-3031.00,Public Relations Specialists,"Promote or create an intended public image for individuals, groups, or organizations. May write or select material for release to various communications media. May specialize in using social media."
13-1023.00,"Purchasing Agents, Except Wholesale, Retail, and Farm Products","Purchase machinery, equipment, tools, parts, supplies, or services necessary for the operation of an establishment. Purchase raw or semifinished materials for manufacturing. May negotiate contracts."
17-2072.01,Radio Frequency Identification Device Specialists,Design and implement radio frequency identification device (RFID) systems used to track shipments or goods.
49-2021.00,"Radio, Cellular, and Tower Equipment Installers and Repairers","Repair, install, or maintain mobile or stationary radio transmitting, broadcasting, and receiving equipment, and two-way radio communications systems used in cellular telecommunications, mobile broadband, ship-to-shore, aircraft-to-ground communications, and radio equipment in service and emergency vehicles. May test and analyze network coverage."
43-4171.00,Receptionists and Information Clerks,"Answer inquiries and provide information to the general public, customers, visitors, and other interested parties regarding activities conducted at establishment and location of departments, offices, and employees within the organization."
49-3092.00,Recreational Vehicle Service Technicians,"Diagnose, inspect, adjust, repair, or overhaul recreational vehicles including travel trailers. May specialize in maintaining gas, electrical, hydraulic, plumbing, or chassis/towing systems as well as repairing generators, appliances, and interior components. Includes workers who perform customized van conversions."
53-7062.04,Recycling and Reclamation Workers,Prepare and sort materials or products for recycling. Identify and remove hazardous substances. Dismantle components of products such as appliances.
29-1141.00,Registered Nurses,"Assess patient health problems and needs, develop and implement nursing care plans, and maintain medical records. Administer nursing care to ill, injured, convalescent, or disabled patients. May advise patients on health maintenance and disease prevention or provide case management. Licensing or registration required."
11-9199.01,Regulatory Affairs Managers,"Plan, direct, or coordinate production activities of an organization to ensure compliance with regulations and standard operating procedures."
47-2171.00,Reinforcing Iron and Rebar Workers,"Position and secure steel bars or mesh in concrete forms in order to reinforce concrete. Use a variety of fasteners, rod-bending machines, blowtorches, and hand tools. Includes rod busters."
29-1126.00,Respiratory Therapists,"Assess, treat, and care for patients with breathing disorders. Assume primary responsibility for all respiratory care modalities, including the supervision of respiratory therapy technicians. Initiate and conduct therapeutic procedures; maintain patient records; and select, assemble, check, and operate equipment."
41-2031.00,Retail Salespersons,"Sell merchandise, such as furniture, motor vehicles, appliances, or apparel to consumers."
47-2181.00,Roofers,"Cover roofs of structures with shingles, slate, asphalt, aluminum, wood, or related materials. May spray roofs, sidings, and walls with material to bind, seal, insulate, or soundproof sections of structures."
41-9031.00,Sales Engineers,"Sell business goods or services, the selling of which requires a technical background equivalent to a baccalaureate degree in engineering."
11-2022.00,Sales Managers,"Plan, direct, or coordinate the actual distribution or movement of a product or service to the customer. Coordinate sales distribution by establishing sales territories, quotas, and goals and establish training programs for sales representatives. Analyze sales statistics gathered by staff to determine sales potential and inventory requirements and monitor the preferences of customers."
41-3091.00,"Sales Representatives of Services, Except Advertising, Insurance, Financial Services, and Travel",Sell services to individuals or businesses. May describe options or resolve client problems.
41-4012.00,"Sales Representatives, Wholesale and Manufacturing, Except Technical and Scientific Products",Sell goods for wholesalers or manufacturers to businesses or groups of individuals. Work requires substantial knowledge of items sold.
13-1161.01,Search Marketing Strategists,"Employ search marketing tactics to increase visibility and engagement with content, products, or services in Internet-enabled devices or interfaces. Examine search query behaviors on general or specialty search engines or other Internet-based content. Analyze research, data, or technology to understand user intent and measure outcomes for ongoing optimization."
43-6014.00,"Secretaries and Administrative Assistants, Except Legal, Medical, and Executive","Perform routine administrative functions such as drafting correspondence, scheduling appointments, organizing and maintaining paper and electronic files, or providing information to callers."
49-2098.00,Security and Fire Alarm Systems Installers,"Install, program, maintain, and repair security and fire alarm wiring and equipment. Ensure that work is in accordance with relevant codes."
33-9032.00,Security Guards,"Guard, patrol, or monitor premises to prevent theft, violence, or infractions of rules. May operate x-ray and metal detector equipment."
13-1199.07,Security Management Specialists,"Conduct security assessments for organizations, and design security systems and processes. May specialize in areas such as physical security or the safety of employees and facilities."
51-9141.00,Semiconductor Processing Technicians,"Perform any or all of the following functions in the manufacture of electronic semiconductors: load semiconductor material into furnace; saw formed ingots into segments; load individual segment into crystal growing chamber and monitor controls; locate crystal axis in ingot using x-ray equipment and saw ingots into wafers; and clean, polish, and load wafers into series of special purpose furnaces, chemical baths, and equipment used to form circuitry and change conductive properties."
47-4071.00,Septic Tank Servicers and Sewer Pipe Cleaners,"Clean and repair septic tanks, sewer lines, or drains. May patch walls and partitions of tank, replace damaged drain tile, or repair breaks in underground piping."
39-5093.00,Shampooers,Shampoo and rinse customers' hair.
53-3053.00,Shuttle Drivers and Chauffeurs,Drive a motor vehicle to transport passengers on a planned or scheduled basis. May collect a fare. Includes nonemergency medical transporters and hearse drivers.
39-5094.00,Skincare Specialists,Provide skincare treatments to face and body to enhance an individual's appearance. Includes electrologists and laser hair removal specialists.
11-9151.00,Social and Community Service Managers,"Plan, direct, or coordinate the activities of a social service program or community outreach organization. Oversee the program or organization's budget and policies regarding participant involvement, program requirements, and benefits. Work may involve directing social workers, counselors, or probation officers."
21-1093.00,Social and Human Service Assistants,"Assist other social and human service providers in providing client services in a wide variety of fields, such as psychology, rehabilitation, or social work, including support for families. May assist clients in identifying and obtaining available benefits and social and community services. May assist social workers with developing, organizing, and conducting programs to prevent and resolve problems relevant to substance abuse, human relationships, rehabilitation, or dependent care."
15-1252.00,Software Developers,"Research, design, and develop computer and network software or specialized utility programs. Analyze user needs and develop software solutions, applying principles and techniques of computer science, engineering, and mathematical analysis. Update software or enhance existing software capabilities. May work with computer hardware engineers to integrate hardware and software systems, and develop specifications and performance requirements. May maintain databases within an application area, working individually or coordinating database development as part of a team."
15-1253.00,Software Quality Assurance Analysts and Testers,"Develop and execute software tests to identify software problems and their causes. Test system modifications to prepare for implementation. Document software and application defects using a bug tracking system and report defects to software or web developers. Create and maintain databases of known defects. May participate in software design reviews to provide input on functional requirements, operational characteristics, product designs, and schedules."
19-1013.00,Soil and Plant Scientists,"Conduct research in breeding, physiology, production, yield, and management of crops and agricultural plants or trees, shrubs, and nursery stock, their growth in soils, and control of pests; or study the chemical, physical, biological, and mineralogical composition of soils as they relate to plant or crop growth. May classify and map soils and investigate effects of alternative practices on soil and crop productivity."
47-1011.03,Solar Energy Installation Managers,Direct work crews installing residential or commercial solar photovoltaic or thermal systems.
47-2231.00,Solar Photovoltaic Installers,"Assemble, install, or maintain solar photovoltaic (PV) systems on roofs or other structures in compliance with site assessment and schematics. May include measuring, cutting, assembling, and bolting structural framing and solar modules. May perform minor electrical work such as current checks."
47-2152.04,Solar Thermal Installers and Technicians,"Install or repair solar energy systems designed to collect, store, and circulate solar-heated water for residential, commercial or industrial use."
11-9179.02,Spa Managers,"Plan, direct, or coordinate activities of a spa facility. Coordinate programs, schedule and direct staff, and oversee financial activities."
29-1127.00,Speech-Language Pathologists,"Assess and treat persons with speech, language, voice, and fluency disorders. May select alternative communication systems and teach their use. May perform research related to speech and language problems."
15-2041.00,Statisticians,"Develop or apply mathematical or statistical theory and methods to collect, organize, interpret, and summarize numerical data to provide usable information. May specialize in fields such as biostatistics, agricultural statistics, business statistics, or economic statistics. Includes mathematical and survey statisticians."
53-7065.00,Stockers and Order Fillers,"Receive, store, and issue merchandise, materials, equipment, and other items from stockroom, warehouse, or storage yard to fill shelves, racks, tables, or customers' orders. May operate power equipment to fill orders. May mark prices on merchandise and set up sales displays."
51-9195.03,"Stone Cutters and Carvers, Manufacturing",Cut or carve stone according to diagrams and patterns.
21-1011.00,Substance Abuse and Behavioral Disorder Counselors,"Counsel and advise individuals with alcohol, tobacco, drug, or other problems, such as gambling and eating disorders. May counsel individuals, families, or groups or engage in prevention programs."
11-3071.04,Supply Chain Managers,"Direct or coordinate production, purchasing, warehousing, distribution, or financial forecasting services or activities to limit costs and improve accuracy, customer service, or safety. Examine existing procedures or opportunities for streamlining activities to meet product distribution needs. Direct the movement, storage, or processing of inventory."
29-9093.00,Surgical Assistants,"Assist in operations, under the supervision of surgeons. May, in accordance with state laws, help surgeons to make incisions and close surgical sites, manipulate or remove tissues, implant surgical devices or drains, suction the surgical site, place catheters, clamp or cauterize vessels or tissue, and apply dressings to surgical site."
29-2055.00,Surgical Technologists,"Assist in operations, under the supervision of surgeons, registered nurses, or other surgical personnel. May help set up operating room, prepare and transport patients for surgery, adjust lights and equipment, pass instruments and other supplies to surgeons and surgeons' assistants, hold retractors, cut sutures, and help count sponges, needles, supplies, and instruments."
17-3031.00,Surveying and Mapping Technicians,"Perform surveying and mapping duties, usually under the direction of an engineer, surveyor, cartographer, or photogrammetrist, to obtain data used for construction, mapmaking, boundary location, mining, or other purposes. May calculate mapmaking information and create maps from source data, such as surveying notes, aerial photography, satellite data, or other maps to show topographical features, political boundaries, and other features. May verify accuracy and completeness of maps."
13-1199.05,Sustainability Specialists,"Address organizational sustainability issues, such as waste stream management, green building practices, and green procurement plans."
27-2012.04,Talent Directors,"Audition and interview performers to select most appropriate talent for parts in stage, television, radio, or motion picture productions."
13-2082.00,Tax Preparers,Prepare tax returns for individuals or small businesses.
53-3054.00,Taxi Drivers,"Drive a motor vehicle to transport passengers on an unplanned basis and charge a fare, usually based on a meter."
51-2092.00,Team Assemblers,"Work as part of a team having responsibility for assembling an entire product or component of a product. Team assemblers can perform all tasks conducted by the team in the assembly process and rotate through all or most of them, rather than being assigned to a specific task on a permanent basis. May participate in making management decisions affecting the work. Includes team leaders who work as part of the team."
15-1241.01,Telecommunications Engineering Specialists,"Design or configure wired, wireless, and satellite communications systems for voice, video, and data services. Supervise installation, service, and maintenance."
29-1129.00,"Therapists, All Other",All therapists not listed separately.
47-2044.00,Tile and Stone Setters,"Apply hard tile, stone, and comparable materials to walls, floors, ceilings, countertops, and roof decks."
49-3093.00,Tire Repairers and Changers,Repair and replace tires.
39-7011.00,Tour Guides and Escorts,"Escort individuals or groups on sightseeing tours or through places of interest, such as industrial establishments, public buildings, and art galleries."
11-3131.00,Training and Development Managers,"Plan, direct, or coordinate the training and development activities and staff of an organization."
13-1151.00,Training and Development Specialists,Design or conduct work-related training and development programs to improve individual skills or organizational performance. May analyze organizational training needs or evaluate training effectiveness.
17-2051.01,Transportation Engineers,"Develop plans for surface transportation projects, according to established engineering standards and state or federal construction policy. Prepare designs, specifications, or estimates for transportation facilities. Plan modifications of existing streets, highways, or freeways to improve traffic flow."
11-3071.00,"Transportation, Storage, and Distribution Managers","Plan, direct, or coordinate transportation, storage, or distribution activities in accordance with organizational policies and applicable government laws or regulations. Includes logistics managers."
39-7012.00,Travel Guides,"Plan, organize, and conduct long-distance travel, tours, and expeditions for individuals and groups."
11-3031.01,Treasurers and Controllers,"Direct financial activities, such as planning, procurement, and investments for all or part of an organization."
27-2023.00,"Umpires, Referees, and Other Sports Officials","Officiate at competitive athletic or sporting events. Detect infractions of rules and decide penalties according to established regulations. Includes all sporting officials, referees, and competition judges."
17-2112.02,Validation Engineers,"Design or plan protocols for equipment or processes to produce products meeting internal and external purity, safety, and quality requirements."
29-1131.00,Veterinarians,"Diagnose, treat, or research diseases and injuries of animals. Includes veterinarians who conduct research and development, inspect livestock, or care for pets and companion animals."
31-9096.00,Veterinary Assistants and Laboratory Animal Caretakers,"Feed, water, and examine pets and other nonfarm animals for signs of illness, disease, or injury in laboratories and animal hospitals and clinics. Clean and disinfect cages and work areas, and sterilize laboratory and surgical equipment. May provide routine postoperative care, administer medication orally or topically, or prepare samples for laboratory examination under the supervision of veterinary or laboratory animal technologists or technicians, veterinarians, or scientists."
29-2056.00,Veterinary Technologists and Technicians,"Perform medical tests in a laboratory environment for use in the treatment and diagnosis of diseases in animals. Prepare vaccines and serums for prevention of diseases. Prepare tissue samples, take blood samples, and execute laboratory tests, such as urinalysis and blood counts. Clean and sterilize instruments and materials and maintain equipment and machines. May assist a veterinarian during surgery."
15-1255.01,Video Game Designers,"Design core features of video games. Specify innovative game and role-play mechanics, story lines, and character biographies. Create and maintain design documentation. Guide and collaborate with production staff to produce games as designed."
35-3031.00,Waiters and Waitresses,Take orders and serve food and beverages to patrons at tables in dining establishment.
17-2051.02,Water/Wastewater Engineers,"Design or oversee projects involving provision of potable water, disposal of wastewater and sewage, or prevention of flood-related damage. Prepare environmental documentation for water resources, regulatory program compliance, data management and analysis, and field work. Perform hydraulic modeling and pipeline design."
15-1299.01,Web Administrators,"Manage web environment design, deployment, development and maintenance activities. Perform testing and quality assurance of web sites and web applications."
15-1255.00,Web and Digital Interface Designers,"Design digital user interfaces or websites. Develop and test layouts, interfaces, functionality, and navigation menus to ensure compatibility and usability across browsers or devices. May use web framework applications as well as client-side code and processes. May evaluate web design following web and accessibility standards, and may analyze web use metrics and optimize websites for marketability and search engine ranking. May design and test interfaces that facilitate the human-computer interaction and maximize the usability of digital devices, websites, and software with a focus on aesthetics and design. May create graphics used in websites and manage website content and links."
15-1254.00,Web Developers,"Develop and implement websites, web applications, application databases, and interactive web interfaces. Evaluate code to ensure that it is properly structured, meets industry standards, and is compatible with browsers and devices. Optimize website performance, scalability, and server-side code and processes. May develop website infrastructure and integrate websites with other computer applications."
13-1022.00,"Wholesale and Retail Buyers, Except Farm Products","Buy merchandise or commodities, other than farm products, for resale to consumers at the wholesale or retail level, including both durable and nondurable goods. Analyze past buying trends, sales records, price, and quality of merchandise to determine value and yield. Select, order, and authorize payment for merchandise according to contractual agreements. May conduct meetings with sales personnel and introduce new products. May negotiate contracts. Includes assistant wholesale and retail buyers of nonfarm products."
11-9199.10,Wind Energy Development Managers,"Lead or manage the development and evaluation of potential wind energy business opportunities, including environmental studies, permitting, and proposals. May also manage construction of projects."
11-9199.09,Wind Energy Operations Managers,"Manage wind field operations, including personnel, maintenance activities, financial activities, and planning."
49-9081.00,Wind Turbine Service Technicians,"Inspect, diagnose, adjust, or repair wind turbines. Perform maintenance on wind turbine equipment including resolving electrical, mechanical, and hydraulic malfunctions."
